<PAMDataset>
  <Metadata domain="Esri">
    <MDI key="PyramidResamplingType">NEAREST</MDI>
  </Metadata>
  <PAMRasterBand band="1">
    <Description>Layer_1</Description>
    <GDALRasterAttributeTable>
      <FieldDefn index="0">
        <Name>OBJECTID</Name>
        <Type>0</Type>
        <Usage>0</Usage>
      </FieldDefn>
      <FieldDefn index="1">
        <Name>Value</Name>
        <Type>0</Type>
        <Usage>0</Usage>
      </FieldDefn>
      <FieldDefn index="2">
        <Name>Count</Name>
        <Type>1</Type>
        <Usage>0</Usage>
      </FieldDefn>
      <Row index="0">
        <F>1986</F>
        <F>1985</F>
        <F>1</F>
      </Row>
      <Row index="1">
        <F>1987</F>
        <F>1986</F>
        <F>3</F>
      </Row>
      <Row index="2">
        <F>1988</F>
        <F>1987</F>
        <F>8</F>
      </Row>
      <Row index="3">
        <F>1989</F>
        <F>1988</F>
        <F>16</F>
      </Row>
      <Row index="4">
        <F>1990</F>
        <F>1989</F>
        <F>14</F>
      </Row>
      <Row index="5">
        <F>1991</F>
        <F>1990</F>
        <F>19</F>
      </Row>
      <Row index="6">
        <F>1992</F>
        <F>1991</F>
        <F>38</F>
      </Row>
      <Row index="7">
        <F>1993</F>
        <F>1992</F>
        <F>31</F>
      </Row>
      <Row index="8">
        <F>1994</F>
        <F>1993</F>
        <F>46</F>
      </Row>
      <Row index="9">
        <F>1995</F>
        <F>1994</F>
        <F>39</F>
      </Row>
      <Row index="10">
        <F>1996</F>
        <F>1995</F>
        <F>52</F>
      </Row>
      <Row index="11">
        <F>1997</F>
        <F>1996</F>
        <F>56</F>
      </Row>
      <Row index="12">
        <F>1998</F>
        <F>1997</F>
        <F>59</F>
      </Row>
      <Row index="13">
        <F>1999</F>
        <F>1998</F>
        <F>71</F>
      </Row>
      <Row index="14">
        <F>2000</F>
        <F>1999</F>
        <F>63</F>
      </Row>
      <Row index="15">
        <F>2001</F>
        <F>2000</F>
        <F>58</F>
      </Row>
      <Row index="16">
        <F>2002</F>
        <F>2001</F>
        <F>69</F>
      </Row>
      <Row index="17">
        <F>2003</F>
        <F>2002</F>
        <F>65</F>
      </Row>
      <Row index="18">
        <F>2004</F>
        <F>2003</F>
        <F>63</F>
      </Row>
      <Row index="19">
        <F>2005</F>
        <F>2004</F>
        <F>60</F>
      </Row>
      <Row index="20">
        <F>2006</F>
        <F>2005</F>
        <F>69</F>
      </Row>
      <Row index="21">
        <F>2007</F>
        <F>2006</F>
        <F>66</F>
      </Row>
      <Row index="22">
        <F>2008</F>
        <F>2007</F>
        <F>46</F>
      </Row>
      <Row index="23">
        <F>2009</F>
        <F>2008</F>
        <F>47</F>
      </Row>
      <Row index="24">
        <F>2010</F>
        <F>2009</F>
        <F>62</F>
      </Row>
      <Row index="25">
        <F>2011</F>
        <F>2010</F>
        <F>56</F>
      </Row>
      <Row index="26">
        <F>2012</F>
        <F>2011</F>
        <F>79</F>
      </Row>
      <Row index="27">
        <F>2013</F>
        <F>2012</F>
        <F>75</F>
      </Row>
      <Row index="28">
        <F>2014</F>
        <F>2013</F>
        <F>83</F>
      </Row>
      <Row index="29">
        <F>2015</F>
        <F>2014</F>
        <F>79</F>
      </Row>
      <Row index="30">
        <F>2016</F>
        <F>2015</F>
        <F>88</F>
      </Row>
      <Row index="31">
        <F>2017</F>
        <F>2016</F>
        <F>82</F>
      </Row>
      <Row index="32">
        <F>2018</F>
        <F>2017</F>
        <F>93</F>
      </Row>
      <Row index="33">
        <F>2019</F>
        <F>2018</F>
        <F>96</F>
      </Row>
      <Row index="34">
        <F>2020</F>
        <F>2019</F>
        <F>75</F>
      </Row>
      <Row index="35">
        <F>2021</F>
        <F>2020</F>
        <F>92</F>
      </Row>
      <Row index="36">
        <F>2022</F>
        <F>2021</F>
        <F>75</F>
      </Row>
      <Row index="37">
        <F>2023</F>
        <F>2022</F>
        <F>104</F>
      </Row>
      <Row index="38">
        <F>2024</F>
        <F>2023</F>
        <F>97</F>
      </Row>
      <Row index="39">
        <F>2025</F>
        <F>2024</F>
        <F>77</F>
      </Row>
      <Row index="40">
        <F>2026</F>
        <F>2025</F>
        <F>70</F>
      </Row>
      <Row index="41">
        <F>2027</F>
        <F>2026</F>
        <F>87</F>
      </Row>
      <Row index="42">
        <F>2028</F>
        <F>2027</F>
        <F>101</F>
      </Row>
      <Row index="43">
        <F>2029</F>
        <F>2028</F>
        <F>88</F>
      </Row>
      <Row index="44">
        <F>2030</F>
        <F>2029</F>
        <F>89</F>
      </Row>
      <Row index="45">
        <F>2031</F>
        <F>2030</F>
        <F>111</F>
      </Row>
      <Row index="46">
        <F>2032</F>
        <F>2031</F>
        <F>122</F>
      </Row>
      <Row index="47">
        <F>2033</F>
        <F>2032</F>
        <F>141</F>
      </Row>
      <Row index="48">
        <F>2034</F>
        <F>2033</F>
        <F>97</F>
      </Row>
      <Row index="49">
        <F>2035</F>
        <F>2034</F>
        <F>124</F>
      </Row>
      <Row index="50">
        <F>2036</F>
        <F>2035</F>
        <F>130</F>
      </Row>
      <Row index="51">
        <F>2037</F>
        <F>2036</F>
        <F>158</F>
      </Row>
      <Row index="52">
        <F>2038</F>
        <F>2037</F>
        <F>133</F>
      </Row>
      <Row index="53">
        <F>2039</F>
        <F>2038</F>
        <F>133</F>
      </Row>
      <Row index="54">
        <F>2040</F>
        <F>2039</F>
        <F>154</F>
      </Row>
      <Row index="55">
        <F>2041</F>
        <F>2040</F>
        <F>170</F>
      </Row>
      <Row index="56">
        <F>2042</F>
        <F>2041</F>
        <F>175</F>
      </Row>
      <Row index="57">
        <F>2043</F>
        <F>2042</F>
        <F>158</F>
      </Row>
      <Row index="58">
        <F>2044</F>
        <F>2043</F>
        <F>175</F>
      </Row>
      <Row index="59">
        <F>2045</F>
        <F>2044</F>
        <F>159</F>
      </Row>
      <Row index="60">
        <F>2046</F>
        <F>2045</F>
        <F>154</F>
      </Row>
      <Row index="61">
        <F>2047</F>
        <F>2046</F>
        <F>193</F>
      </Row>
      <Row index="62">
        <F>2048</F>
        <F>2047</F>
        <F>177</F>
      </Row>
      <Row index="63">
        <F>2049</F>
        <F>2048</F>
        <F>184</F>
      </Row>
      <Row index="64">
        <F>2050</F>
        <F>2049</F>
        <F>168</F>
      </Row>
      <Row index="65">
        <F>2051</F>
        <F>2050</F>
        <F>209</F>
      </Row>
      <Row index="66">
        <F>2052</F>
        <F>2051</F>
        <F>198</F>
      </Row>
      <Row index="67">
        <F>2053</F>
        <F>2052</F>
        <F>188</F>
      </Row>
      <Row index="68">
        <F>2054</F>
        <F>2053</F>
        <F>207</F>
      </Row>
      <Row index="69">
        <F>2055</F>
        <F>2054</F>
        <F>208</F>
      </Row>
      <Row index="70">
        <F>2056</F>
        <F>2055</F>
        <F>193</F>
      </Row>
      <Row index="71">
        <F>2057</F>
        <F>2056</F>
        <F>216</F>
      </Row>
      <Row index="72">
        <F>2058</F>
        <F>2057</F>
        <F>214</F>
      </Row>
      <Row index="73">
        <F>2059</F>
        <F>2058</F>
        <F>198</F>
      </Row>
      <Row index="74">
        <F>2060</F>
        <F>2059</F>
        <F>238</F>
      </Row>
      <Row index="75">
        <F>2061</F>
        <F>2060</F>
        <F>240</F>
      </Row>
      <Row index="76">
        <F>2062</F>
        <F>2061</F>
        <F>247</F>
      </Row>
      <Row index="77">
        <F>2063</F>
        <F>2062</F>
        <F>245</F>
      </Row>
      <Row index="78">
        <F>2064</F>
        <F>2063</F>
        <F>298</F>
      </Row>
      <Row index="79">
        <F>2065</F>
        <F>2064</F>
        <F>256</F>
      </Row>
      <Row index="80">
        <F>2066</F>
        <F>2065</F>
        <F>263</F>
      </Row>
      <Row index="81">
        <F>2067</F>
        <F>2066</F>
        <F>251</F>
      </Row>
      <Row index="82">
        <F>2068</F>
        <F>2067</F>
        <F>199</F>
      </Row>
      <Row index="83">
        <F>2069</F>
        <F>2068</F>
        <F>198</F>
      </Row>
      <Row index="84">
        <F>2070</F>
        <F>2069</F>
        <F>217</F>
      </Row>
      <Row index="85">
        <F>2071</F>
        <F>2070</F>
        <F>197</F>
      </Row>
      <Row index="86">
        <F>2072</F>
        <F>2071</F>
        <F>174</F>
      </Row>
      <Row index="87">
        <F>2073</F>
        <F>2072</F>
        <F>205</F>
      </Row>
      <Row index="88">
        <F>2074</F>
        <F>2073</F>
        <F>229</F>
      </Row>
      <Row index="89">
        <F>2075</F>
        <F>2074</F>
        <F>226</F>
      </Row>
      <Row index="90">
        <F>2076</F>
        <F>2075</F>
        <F>207</F>
      </Row>
      <Row index="91">
        <F>2077</F>
        <F>2076</F>
        <F>180</F>
      </Row>
      <Row index="92">
        <F>2078</F>
        <F>2077</F>
        <F>231</F>
      </Row>
      <Row index="93">
        <F>2079</F>
        <F>2078</F>
        <F>210</F>
      </Row>
      <Row index="94">
        <F>2080</F>
        <F>2079</F>
        <F>188</F>
      </Row>
      <Row index="95">
        <F>2081</F>
        <F>2080</F>
        <F>219</F>
      </Row>
      <Row index="96">
        <F>2082</F>
        <F>2081</F>
        <F>198</F>
      </Row>
      <Row index="97">
        <F>2083</F>
        <F>2082</F>
        <F>189</F>
      </Row>
      <Row index="98">
        <F>2084</F>
        <F>2083</F>
        <F>191</F>
      </Row>
      <Row index="99">
        <F>2085</F>
        <F>2084</F>
        <F>205</F>
      </Row>
      <Row index="100">
        <F>2086</F>
        <F>2085</F>
        <F>168</F>
      </Row>
      <Row index="101">
        <F>2087</F>
        <F>2086</F>
        <F>203</F>
      </Row>
      <Row index="102">
        <F>2088</F>
        <F>2087</F>
        <F>199</F>
      </Row>
      <Row index="103">
        <F>2089</F>
        <F>2088</F>
        <F>197</F>
      </Row>
      <Row index="104">
        <F>2090</F>
        <F>2089</F>
        <F>179</F>
      </Row>
      <Row index="105">
        <F>2091</F>
        <F>2090</F>
        <F>169</F>
      </Row>
      <Row index="106">
        <F>2092</F>
        <F>2091</F>
        <F>196</F>
      </Row>
      <Row index="107">
        <F>2093</F>
        <F>2092</F>
        <F>185</F>
      </Row>
      <Row index="108">
        <F>2094</F>
        <F>2093</F>
        <F>193</F>
      </Row>
      <Row index="109">
        <F>2095</F>
        <F>2094</F>
        <F>205</F>
      </Row>
      <Row index="110">
        <F>2096</F>
        <F>2095</F>
        <F>209</F>
      </Row>
      <Row index="111">
        <F>2097</F>
        <F>2096</F>
        <F>226</F>
      </Row>
      <Row index="112">
        <F>2098</F>
        <F>2097</F>
        <F>208</F>
      </Row>
      <Row index="113">
        <F>2099</F>
        <F>2098</F>
        <F>199</F>
      </Row>
      <Row index="114">
        <F>2100</F>
        <F>2099</F>
        <F>214</F>
      </Row>
      <Row index="115">
        <F>2101</F>
        <F>2100</F>
        <F>209</F>
      </Row>
      <Row index="116">
        <F>2102</F>
        <F>2101</F>
        <F>212</F>
      </Row>
      <Row index="117">
        <F>2103</F>
        <F>2102</F>
        <F>214</F>
      </Row>
      <Row index="118">
        <F>2104</F>
        <F>2103</F>
        <F>183</F>
      </Row>
      <Row index="119">
        <F>2105</F>
        <F>2104</F>
        <F>234</F>
      </Row>
      <Row index="120">
        <F>2106</F>
        <F>2105</F>
        <F>217</F>
      </Row>
      <Row index="121">
        <F>2107</F>
        <F>2106</F>
        <F>216</F>
      </Row>
      <Row index="122">
        <F>2108</F>
        <F>2107</F>
        <F>208</F>
      </Row>
      <Row index="123">
        <F>2109</F>
        <F>2108</F>
        <F>220</F>
      </Row>
      <Row index="124">
        <F>2110</F>
        <F>2109</F>
        <F>206</F>
      </Row>
      <Row index="125">
        <F>2111</F>
        <F>2110</F>
        <F>237</F>
      </Row>
      <Row index="126">
        <F>2112</F>
        <F>2111</F>
        <F>213</F>
      </Row>
      <Row index="127">
        <F>2113</F>
        <F>2112</F>
        <F>229</F>
      </Row>
      <Row index="128">
        <F>2114</F>
        <F>2113</F>
        <F>206</F>
      </Row>
      <Row index="129">
        <F>2115</F>
        <F>2114</F>
        <F>229</F>
      </Row>
      <Row index="130">
        <F>2116</F>
        <F>2115</F>
        <F>209</F>
      </Row>
      <Row index="131">
        <F>2117</F>
        <F>2116</F>
        <F>225</F>
      </Row>
      <Row index="132">
        <F>2118</F>
        <F>2117</F>
        <F>223</F>
      </Row>
      <Row index="133">
        <F>2119</F>
        <F>2118</F>
        <F>239</F>
      </Row>
      <Row index="134">
        <F>2120</F>
        <F>2119</F>
        <F>252</F>
      </Row>
      <Row index="135">
        <F>2121</F>
        <F>2120</F>
        <F>234</F>
      </Row>
      <Row index="136">
        <F>2122</F>
        <F>2121</F>
        <F>196</F>
      </Row>
      <Row index="137">
        <F>2123</F>
        <F>2122</F>
        <F>229</F>
      </Row>
      <Row index="138">
        <F>2124</F>
        <F>2123</F>
        <F>222</F>
      </Row>
      <Row index="139">
        <F>2125</F>
        <F>2124</F>
        <F>230</F>
      </Row>
      <Row index="140">
        <F>2126</F>
        <F>2125</F>
        <F>240</F>
      </Row>
      <Row index="141">
        <F>2127</F>
        <F>2126</F>
        <F>227</F>
      </Row>
      <Row index="142">
        <F>2128</F>
        <F>2127</F>
        <F>245</F>
      </Row>
      <Row index="143">
        <F>2129</F>
        <F>2128</F>
        <F>231</F>
      </Row>
      <Row index="144">
        <F>2130</F>
        <F>2129</F>
        <F>199</F>
      </Row>
      <Row index="145">
        <F>2131</F>
        <F>2130</F>
        <F>229</F>
      </Row>
      <Row index="146">
        <F>2132</F>
        <F>2131</F>
        <F>211</F>
      </Row>
      <Row index="147">
        <F>2133</F>
        <F>2132</F>
        <F>223</F>
      </Row>
      <Row index="148">
        <F>2134</F>
        <F>2133</F>
        <F>222</F>
      </Row>
      <Row index="149">
        <F>2135</F>
        <F>2134</F>
        <F>249</F>
      </Row>
      <Row index="150">
        <F>2136</F>
        <F>2135</F>
        <F>225</F>
      </Row>
      <Row index="151">
        <F>2137</F>
        <F>2136</F>
        <F>214</F>
      </Row>
      <Row index="152">
        <F>2138</F>
        <F>2137</F>
        <F>217</F>
      </Row>
      <Row index="153">
        <F>2139</F>
        <F>2138</F>
        <F>231</F>
      </Row>
      <Row index="154">
        <F>2140</F>
        <F>2139</F>
        <F>227</F>
      </Row>
      <Row index="155">
        <F>2141</F>
        <F>2140</F>
        <F>217</F>
      </Row>
      <Row index="156">
        <F>2142</F>
        <F>2141</F>
        <F>216</F>
      </Row>
      <Row index="157">
        <F>2143</F>
        <F>2142</F>
        <F>200</F>
      </Row>
      <Row index="158">
        <F>2144</F>
        <F>2143</F>
        <F>225</F>
      </Row>
      <Row index="159">
        <F>2145</F>
        <F>2144</F>
        <F>247</F>
      </Row>
      <Row index="160">
        <F>2146</F>
        <F>2145</F>
        <F>217</F>
      </Row>
      <Row index="161">
        <F>2147</F>
        <F>2146</F>
        <F>230</F>
      </Row>
      <Row index="162">
        <F>2148</F>
        <F>2147</F>
        <F>227</F>
      </Row>
      <Row index="163">
        <F>2149</F>
        <F>2148</F>
        <F>221</F>
      </Row>
      <Row index="164">
        <F>2150</F>
        <F>2149</F>
        <F>221</F>
      </Row>
      <Row index="165">
        <F>2151</F>
        <F>2150</F>
        <F>204</F>
      </Row>
      <Row index="166">
        <F>2152</F>
        <F>2151</F>
        <F>227</F>
      </Row>
      <Row index="167">
        <F>2153</F>
        <F>2152</F>
        <F>223</F>
      </Row>
      <Row index="168">
        <F>2154</F>
        <F>2153</F>
        <F>204</F>
      </Row>
      <Row index="169">
        <F>2155</F>
        <F>2154</F>
        <F>209</F>
      </Row>
      <Row index="170">
        <F>2156</F>
        <F>2155</F>
        <F>224</F>
      </Row>
      <Row index="171">
        <F>2157</F>
        <F>2156</F>
        <F>193</F>
      </Row>
      <Row index="172">
        <F>2158</F>
        <F>2157</F>
        <F>212</F>
      </Row>
      <Row index="173">
        <F>2159</F>
        <F>2158</F>
        <F>177</F>
      </Row>
      <Row index="174">
        <F>2160</F>
        <F>2159</F>
        <F>192</F>
      </Row>
      <Row index="175">
        <F>2161</F>
        <F>2160</F>
        <F>203</F>
      </Row>
      <Row index="176">
        <F>2162</F>
        <F>2161</F>
        <F>226</F>
      </Row>
      <Row index="177">
        <F>2163</F>
        <F>2162</F>
        <F>201</F>
      </Row>
      <Row index="178">
        <F>2164</F>
        <F>2163</F>
        <F>216</F>
      </Row>
      <Row index="179">
        <F>2165</F>
        <F>2164</F>
        <F>195</F>
      </Row>
      <Row index="180">
        <F>2166</F>
        <F>2165</F>
        <F>177</F>
      </Row>
      <Row index="181">
        <F>2167</F>
        <F>2166</F>
        <F>225</F>
      </Row>
      <Row index="182">
        <F>2168</F>
        <F>2167</F>
        <F>200</F>
      </Row>
      <Row index="183">
        <F>2169</F>
        <F>2168</F>
        <F>197</F>
      </Row>
      <Row index="184">
        <F>2170</F>
        <F>2169</F>
        <F>216</F>
      </Row>
      <Row index="185">
        <F>2171</F>
        <F>2170</F>
        <F>198</F>
      </Row>
      <Row index="186">
        <F>2172</F>
        <F>2171</F>
        <F>198</F>
      </Row>
      <Row index="187">
        <F>2173</F>
        <F>2172</F>
        <F>186</F>
      </Row>
      <Row index="188">
        <F>2174</F>
        <F>2173</F>
        <F>220</F>
      </Row>
      <Row index="189">
        <F>2175</F>
        <F>2174</F>
        <F>182</F>
      </Row>
      <Row index="190">
        <F>2176</F>
        <F>2175</F>
        <F>222</F>
      </Row>
      <Row index="191">
        <F>2177</F>
        <F>2176</F>
        <F>210</F>
      </Row>
      <Row index="192">
        <F>2178</F>
        <F>2177</F>
        <F>241</F>
      </Row>
      <Row index="193">
        <F>2179</F>
        <F>2178</F>
        <F>208</F>
      </Row>
      <Row index="194">
        <F>2180</F>
        <F>2179</F>
        <F>232</F>
      </Row>
      <Row index="195">
        <F>2181</F>
        <F>2180</F>
        <F>250</F>
      </Row>
      <Row index="196">
        <F>2182</F>
        <F>2181</F>
        <F>230</F>
      </Row>
      <Row index="197">
        <F>2183</F>
        <F>2182</F>
        <F>248</F>
      </Row>
      <Row index="198">
        <F>2184</F>
        <F>2183</F>
        <F>221</F>
      </Row>
      <Row index="199">
        <F>2185</F>
        <F>2184</F>
        <F>243</F>
      </Row>
      <Row index="200">
        <F>2186</F>
        <F>2185</F>
        <F>207</F>
      </Row>
      <Row index="201">
        <F>2187</F>
        <F>2186</F>
        <F>222</F>
      </Row>
      <Row index="202">
        <F>2188</F>
        <F>2187</F>
        <F>253</F>
      </Row>
      <Row index="203">
        <F>2189</F>
        <F>2188</F>
        <F>234</F>
      </Row>
      <Row index="204">
        <F>2190</F>
        <F>2189</F>
        <F>216</F>
      </Row>
      <Row index="205">
        <F>2191</F>
        <F>2190</F>
        <F>248</F>
      </Row>
      <Row index="206">
        <F>2192</F>
        <F>2191</F>
        <F>218</F>
      </Row>
      <Row index="207">
        <F>2193</F>
        <F>2192</F>
        <F>261</F>
      </Row>
      <Row index="208">
        <F>2194</F>
        <F>2193</F>
        <F>223</F>
      </Row>
      <Row index="209">
        <F>2195</F>
        <F>2194</F>
        <F>236</F>
      </Row>
      <Row index="210">
        <F>2196</F>
        <F>2195</F>
        <F>262</F>
      </Row>
      <Row index="211">
        <F>2197</F>
        <F>2196</F>
        <F>271</F>
      </Row>
      <Row index="212">
        <F>2198</F>
        <F>2197</F>
        <F>201</F>
      </Row>
      <Row index="213">
        <F>2199</F>
        <F>2198</F>
        <F>241</F>
      </Row>
      <Row index="214">
        <F>2200</F>
        <F>2199</F>
        <F>219</F>
      </Row>
      <Row index="215">
        <F>2201</F>
        <F>2200</F>
        <F>219</F>
      </Row>
      <Row index="216">
        <F>2202</F>
        <F>2201</F>
        <F>225</F>
      </Row>
      <Row index="217">
        <F>2203</F>
        <F>2202</F>
        <F>224</F>
      </Row>
      <Row index="218">
        <F>2204</F>
        <F>2203</F>
        <F>233</F>
      </Row>
      <Row index="219">
        <F>2205</F>
        <F>2204</F>
        <F>210</F>
      </Row>
      <Row index="220">
        <F>2206</F>
        <F>2205</F>
        <F>215</F>
      </Row>
      <Row index="221">
        <F>2207</F>
        <F>2206</F>
        <F>240</F>
      </Row>
      <Row index="222">
        <F>2208</F>
        <F>2207</F>
        <F>244</F>
      </Row>
      <Row index="223">
        <F>2209</F>
        <F>2208</F>
        <F>233</F>
      </Row>
      <Row index="224">
        <F>2210</F>
        <F>2209</F>
        <F>263</F>
      </Row>
      <Row index="225">
        <F>2211</F>
        <F>2210</F>
        <F>252</F>
      </Row>
      <Row index="226">
        <F>2212</F>
        <F>2211</F>
        <F>243</F>
      </Row>
      <Row index="227">
        <F>2213</F>
        <F>2212</F>
        <F>258</F>
      </Row>
      <Row index="228">
        <F>2214</F>
        <F>2213</F>
        <F>259</F>
      </Row>
      <Row index="229">
        <F>2215</F>
        <F>2214</F>
        <F>236</F>
      </Row>
      <Row index="230">
        <F>2216</F>
        <F>2215</F>
        <F>258</F>
      </Row>
      <Row index="231">
        <F>2217</F>
        <F>2216</F>
        <F>238</F>
      </Row>
      <Row index="232">
        <F>2218</F>
        <F>2217</F>
        <F>224</F>
      </Row>
      <Row index="233">
        <F>2219</F>
        <F>2218</F>
        <F>261</F>
      </Row>
      <Row index="234">
        <F>2220</F>
        <F>2219</F>
        <F>237</F>
      </Row>
      <Row index="235">
        <F>2221</F>
        <F>2220</F>
        <F>232</F>
      </Row>
      <Row index="236">
        <F>2222</F>
        <F>2221</F>
        <F>261</F>
      </Row>
      <Row index="237">
        <F>2223</F>
        <F>2222</F>
        <F>206</F>
      </Row>
      <Row index="238">
        <F>2224</F>
        <F>2223</F>
        <F>224</F>
      </Row>
      <Row index="239">
        <F>2225</F>
        <F>2224</F>
        <F>233</F>
      </Row>
      <Row index="240">
        <F>2226</F>
        <F>2225</F>
        <F>195</F>
      </Row>
      <Row index="241">
        <F>2227</F>
        <F>2226</F>
        <F>171</F>
      </Row>
      <Row index="242">
        <F>2228</F>
        <F>2227</F>
        <F>164</F>
      </Row>
      <Row index="243">
        <F>2229</F>
        <F>2228</F>
        <F>179</F>
      </Row>
      <Row index="244">
        <F>2230</F>
        <F>2229</F>
        <F>174</F>
      </Row>
      <Row index="245">
        <F>2231</F>
        <F>2230</F>
        <F>178</F>
      </Row>
      <Row index="246">
        <F>2232</F>
        <F>2231</F>
        <F>159</F>
      </Row>
      <Row index="247">
        <F>2233</F>
        <F>2232</F>
        <F>145</F>
      </Row>
      <Row index="248">
        <F>2234</F>
        <F>2233</F>
        <F>143</F>
      </Row>
      <Row index="249">
        <F>2235</F>
        <F>2234</F>
        <F>153</F>
      </Row>
      <Row index="250">
        <F>2236</F>
        <F>2235</F>
        <F>149</F>
      </Row>
      <Row index="251">
        <F>2237</F>
        <F>2236</F>
        <F>137</F>
      </Row>
      <Row index="252">
        <F>2238</F>
        <F>2237</F>
        <F>147</F>
      </Row>
      <Row index="253">
        <F>2239</F>
        <F>2238</F>
        <F>124</F>
      </Row>
      <Row index="254">
        <F>2240</F>
        <F>2239</F>
        <F>145</F>
      </Row>
      <Row index="255">
        <F>2241</F>
        <F>2240</F>
        <F>145</F>
      </Row>
      <Row index="256">
        <F>2242</F>
        <F>2241</F>
        <F>139</F>
      </Row>
      <Row index="257">
        <F>2243</F>
        <F>2242</F>
        <F>167</F>
      </Row>
      <Row index="258">
        <F>2244</F>
        <F>2243</F>
        <F>144</F>
      </Row>
      <Row index="259">
        <F>2245</F>
        <F>2244</F>
        <F>161</F>
      </Row>
      <Row index="260">
        <F>2246</F>
        <F>2245</F>
        <F>143</F>
      </Row>
      <Row index="261">
        <F>2247</F>
        <F>2246</F>
        <F>126</F>
      </Row>
      <Row index="262">
        <F>2248</F>
        <F>2247</F>
        <F>137</F>
      </Row>
      <Row index="263">
        <F>2249</F>
        <F>2248</F>
        <F>133</F>
      </Row>
      <Row index="264">
        <F>2250</F>
        <F>2249</F>
        <F>141</F>
      </Row>
      <Row index="265">
        <F>2251</F>
        <F>2250</F>
        <F>128</F>
      </Row>
      <Row index="266">
        <F>2252</F>
        <F>2251</F>
        <F>126</F>
      </Row>
      <Row index="267">
        <F>2253</F>
        <F>2252</F>
        <F>111</F>
      </Row>
      <Row index="268">
        <F>2254</F>
        <F>2253</F>
        <F>135</F>
      </Row>
      <Row index="269">
        <F>2255</F>
        <F>2254</F>
        <F>150</F>
      </Row>
      <Row index="270">
        <F>2256</F>
        <F>2255</F>
        <F>137</F>
      </Row>
      <Row index="271">
        <F>2257</F>
        <F>2256</F>
        <F>125</F>
      </Row>
      <Row index="272">
        <F>2258</F>
        <F>2257</F>
        <F>137</F>
      </Row>
      <Row index="273">
        <F>2259</F>
        <F>2258</F>
        <F>143</F>
      </Row>
      <Row index="274">
        <F>2260</F>
        <F>2259</F>
        <F>119</F>
      </Row>
      <Row index="275">
        <F>2261</F>
        <F>2260</F>
        <F>115</F>
      </Row>
      <Row index="276">
        <F>2262</F>
        <F>2261</F>
        <F>125</F>
      </Row>
      <Row index="277">
        <F>2263</F>
        <F>2262</F>
        <F>125</F>
      </Row>
      <Row index="278">
        <F>2264</F>
        <F>2263</F>
        <F>153</F>
      </Row>
      <Row index="279">
        <F>2265</F>
        <F>2264</F>
        <F>132</F>
      </Row>
      <Row index="280">
        <F>2266</F>
        <F>2265</F>
        <F>130</F>
      </Row>
      <Row index="281">
        <F>2267</F>
        <F>2266</F>
        <F>116</F>
      </Row>
      <Row index="282">
        <F>2268</F>
        <F>2267</F>
        <F>120</F>
      </Row>
      <Row index="283">
        <F>2269</F>
        <F>2268</F>
        <F>130</F>
      </Row>
      <Row index="284">
        <F>2270</F>
        <F>2269</F>
        <F>140</F>
      </Row>
      <Row index="285">
        <F>2271</F>
        <F>2270</F>
        <F>129</F>
      </Row>
      <Row index="286">
        <F>2272</F>
        <F>2271</F>
        <F>115</F>
      </Row>
      <Row index="287">
        <F>2273</F>
        <F>2272</F>
        <F>139</F>
      </Row>
      <Row index="288">
        <F>2274</F>
        <F>2273</F>
        <F>126</F>
      </Row>
      <Row index="289">
        <F>2275</F>
        <F>2274</F>
        <F>115</F>
      </Row>
      <Row index="290">
        <F>2276</F>
        <F>2275</F>
        <F>111</F>
      </Row>
      <Row index="291">
        <F>2277</F>
        <F>2276</F>
        <F>120</F>
      </Row>
      <Row index="292">
        <F>2278</F>
        <F>2277</F>
        <F>118</F>
      </Row>
      <Row index="293">
        <F>2279</F>
        <F>2278</F>
        <F>109</F>
      </Row>
      <Row index="294">
        <F>2280</F>
        <F>2279</F>
        <F>123</F>
      </Row>
      <Row index="295">
        <F>2281</F>
        <F>2280</F>
        <F>118</F>
      </Row>
      <Row index="296">
        <F>2282</F>
        <F>2281</F>
        <F>112</F>
      </Row>
      <Row index="297">
        <F>2283</F>
        <F>2282</F>
        <F>116</F>
      </Row>
      <Row index="298">
        <F>2284</F>
        <F>2283</F>
        <F>126</F>
      </Row>
      <Row index="299">
        <F>2285</F>
        <F>2284</F>
        <F>123</F>
      </Row>
      <Row index="300">
        <F>2286</F>
        <F>2285</F>
        <F>129</F>
      </Row>
      <Row index="301">
        <F>2287</F>
        <F>2286</F>
        <F>120</F>
      </Row>
      <Row index="302">
        <F>2288</F>
        <F>2287</F>
        <F>118</F>
      </Row>
      <Row index="303">
        <F>2289</F>
        <F>2288</F>
        <F>119</F>
      </Row>
      <Row index="304">
        <F>2290</F>
        <F>2289</F>
        <F>126</F>
      </Row>
      <Row index="305">
        <F>2291</F>
        <F>2290</F>
        <F>122</F>
      </Row>
      <Row index="306">
        <F>2292</F>
        <F>2291</F>
        <F>113</F>
      </Row>
      <Row index="307">
        <F>2293</F>
        <F>2292</F>
        <F>113</F>
      </Row>
      <Row index="308">
        <F>2294</F>
        <F>2293</F>
        <F>127</F>
      </Row>
      <Row index="309">
        <F>2295</F>
        <F>2294</F>
        <F>113</F>
      </Row>
      <Row index="310">
        <F>2296</F>
        <F>2295</F>
        <F>130</F>
      </Row>
      <Row index="311">
        <F>2297</F>
        <F>2296</F>
        <F>104</F>
      </Row>
      <Row index="312">
        <F>2298</F>
        <F>2297</F>
        <F>113</F>
      </Row>
      <Row index="313">
        <F>2299</F>
        <F>2298</F>
        <F>103</F>
      </Row>
      <Row index="314">
        <F>2300</F>
        <F>2299</F>
        <F>109</F>
      </Row>
      <Row index="315">
        <F>2301</F>
        <F>2300</F>
        <F>85</F>
      </Row>
      <Row index="316">
        <F>2302</F>
        <F>2301</F>
        <F>85</F>
      </Row>
      <Row index="317">
        <F>2303</F>
        <F>2302</F>
        <F>97</F>
      </Row>
      <Row index="318">
        <F>2304</F>
        <F>2303</F>
        <F>101</F>
      </Row>
      <Row index="319">
        <F>2305</F>
        <F>2304</F>
        <F>90</F>
      </Row>
      <Row index="320">
        <F>2306</F>
        <F>2305</F>
        <F>104</F>
      </Row>
      <Row index="321">
        <F>2307</F>
        <F>2306</F>
        <F>83</F>
      </Row>
      <Row index="322">
        <F>2308</F>
        <F>2307</F>
        <F>92</F>
      </Row>
      <Row index="323">
        <F>2309</F>
        <F>2308</F>
        <F>92</F>
      </Row>
      <Row index="324">
        <F>2310</F>
        <F>2309</F>
        <F>88</F>
      </Row>
      <Row index="325">
        <F>2311</F>
        <F>2310</F>
        <F>80</F>
      </Row>
      <Row index="326">
        <F>2312</F>
        <F>2311</F>
        <F>93</F>
      </Row>
      <Row index="327">
        <F>2313</F>
        <F>2312</F>
        <F>105</F>
      </Row>
      <Row index="328">
        <F>2314</F>
        <F>2313</F>
        <F>84</F>
      </Row>
      <Row index="329">
        <F>2315</F>
        <F>2314</F>
        <F>83</F>
      </Row>
      <Row index="330">
        <F>2316</F>
        <F>2315</F>
        <F>91</F>
      </Row>
      <Row index="331">
        <F>2317</F>
        <F>2316</F>
        <F>102</F>
      </Row>
      <Row index="332">
        <F>2318</F>
        <F>2317</F>
        <F>85</F>
      </Row>
      <Row index="333">
        <F>2319</F>
        <F>2318</F>
        <F>92</F>
      </Row>
      <Row index="334">
        <F>2320</F>
        <F>2319</F>
        <F>78</F>
      </Row>
      <Row index="335">
        <F>2321</F>
        <F>2320</F>
        <F>91</F>
      </Row>
      <Row index="336">
        <F>2322</F>
        <F>2321</F>
        <F>70</F>
      </Row>
      <Row index="337">
        <F>2323</F>
        <F>2322</F>
        <F>70</F>
      </Row>
      <Row index="338">
        <F>2324</F>
        <F>2323</F>
        <F>79</F>
      </Row>
      <Row index="339">
        <F>2325</F>
        <F>2324</F>
        <F>82</F>
      </Row>
      <Row index="340">
        <F>2326</F>
        <F>2325</F>
        <F>92</F>
      </Row>
      <Row index="341">
        <F>2327</F>
        <F>2326</F>
        <F>76</F>
      </Row>
      <Row index="342">
        <F>2328</F>
        <F>2327</F>
        <F>91</F>
      </Row>
      <Row index="343">
        <F>2329</F>
        <F>2328</F>
        <F>85</F>
      </Row>
      <Row index="344">
        <F>2330</F>
        <F>2329</F>
        <F>72</F>
      </Row>
      <Row index="345">
        <F>2331</F>
        <F>2330</F>
        <F>79</F>
      </Row>
      <Row index="346">
        <F>2332</F>
        <F>2331</F>
        <F>88</F>
      </Row>
      <Row index="347">
        <F>2333</F>
        <F>2332</F>
        <F>61</F>
      </Row>
      <Row index="348">
        <F>2334</F>
        <F>2333</F>
        <F>65</F>
      </Row>
      <Row index="349">
        <F>2335</F>
        <F>2334</F>
        <F>86</F>
      </Row>
      <Row index="350">
        <F>2336</F>
        <F>2335</F>
        <F>90</F>
      </Row>
      <Row index="351">
        <F>2337</F>
        <F>2336</F>
        <F>82</F>
      </Row>
      <Row index="352">
        <F>2338</F>
        <F>2337</F>
        <F>89</F>
      </Row>
      <Row index="353">
        <F>2339</F>
        <F>2338</F>
        <F>57</F>
      </Row>
      <Row index="354">
        <F>2340</F>
        <F>2339</F>
        <F>80</F>
      </Row>
      <Row index="355">
        <F>2341</F>
        <F>2340</F>
        <F>82</F>
      </Row>
      <Row index="356">
        <F>2342</F>
        <F>2341</F>
        <F>97</F>
      </Row>
      <Row index="357">
        <F>2343</F>
        <F>2342</F>
        <F>72</F>
      </Row>
      <Row index="358">
        <F>2344</F>
        <F>2343</F>
        <F>95</F>
      </Row>
      <Row index="359">
        <F>2345</F>
        <F>2344</F>
        <F>87</F>
      </Row>
      <Row index="360">
        <F>2346</F>
        <F>2345</F>
        <F>86</F>
      </Row>
      <Row index="361">
        <F>2347</F>
        <F>2346</F>
        <F>74</F>
      </Row>
      <Row index="362">
        <F>2348</F>
        <F>2347</F>
        <F>83</F>
      </Row>
      <Row index="363">
        <F>2349</F>
        <F>2348</F>
        <F>77</F>
      </Row>
      <Row index="364">
        <F>2350</F>
        <F>2349</F>
        <F>70</F>
      </Row>
      <Row index="365">
        <F>2351</F>
        <F>2350</F>
        <F>115</F>
      </Row>
      <Row index="366">
        <F>2352</F>
        <F>2351</F>
        <F>98</F>
      </Row>
      <Row index="367">
        <F>2353</F>
        <F>2352</F>
        <F>111</F>
      </Row>
      <Row index="368">
        <F>2354</F>
        <F>2353</F>
        <F>105</F>
      </Row>
      <Row index="369">
        <F>2355</F>
        <F>2354</F>
        <F>97</F>
      </Row>
      <Row index="370">
        <F>2356</F>
        <F>2355</F>
        <F>102</F>
      </Row>
      <Row index="371">
        <F>2357</F>
        <F>2356</F>
        <F>102</F>
      </Row>
      <Row index="372">
        <F>2358</F>
        <F>2357</F>
        <F>105</F>
      </Row>
      <Row index="373">
        <F>2359</F>
        <F>2358</F>
        <F>113</F>
      </Row>
      <Row index="374">
        <F>2360</F>
        <F>2359</F>
        <F>100</F>
      </Row>
      <Row index="375">
        <F>2361</F>
        <F>2360</F>
        <F>109</F>
      </Row>
      <Row index="376">
        <F>2362</F>
        <F>2361</F>
        <F>86</F>
      </Row>
      <Row index="377">
        <F>2363</F>
        <F>2362</F>
        <F>121</F>
      </Row>
      <Row index="378">
        <F>2364</F>
        <F>2363</F>
        <F>89</F>
      </Row>
      <Row index="379">
        <F>2365</F>
        <F>2364</F>
        <F>80</F>
      </Row>
      <Row index="380">
        <F>2366</F>
        <F>2365</F>
        <F>93</F>
      </Row>
      <Row index="381">
        <F>2367</F>
        <F>2366</F>
        <F>96</F>
      </Row>
      <Row index="382">
        <F>2368</F>
        <F>2367</F>
        <F>78</F>
      </Row>
      <Row index="383">
        <F>2369</F>
        <F>2368</F>
        <F>83</F>
      </Row>
      <Row index="384">
        <F>2370</F>
        <F>2369</F>
        <F>71</F>
      </Row>
      <Row index="385">
        <F>2371</F>
        <F>2370</F>
        <F>97</F>
      </Row>
      <Row index="386">
        <F>2372</F>
        <F>2371</F>
        <F>68</F>
      </Row>
      <Row index="387">
        <F>2373</F>
        <F>2372</F>
        <F>73</F>
      </Row>
      <Row index="388">
        <F>2374</F>
        <F>2373</F>
        <F>85</F>
      </Row>
      <Row index="389">
        <F>2375</F>
        <F>2374</F>
        <F>74</F>
      </Row>
      <Row index="390">
        <F>2376</F>
        <F>2375</F>
        <F>75</F>
      </Row>
      <Row index="391">
        <F>2377</F>
        <F>2376</F>
        <F>84</F>
      </Row>
      <Row index="392">
        <F>2378</F>
        <F>2377</F>
        <F>101</F>
      </Row>
      <Row index="393">
        <F>2379</F>
        <F>2378</F>
        <F>64</F>
      </Row>
      <Row index="394">
        <F>2380</F>
        <F>2379</F>
        <F>82</F>
      </Row>
      <Row index="395">
        <F>2381</F>
        <F>2380</F>
        <F>76</F>
      </Row>
      <Row index="396">
        <F>2382</F>
        <F>2381</F>
        <F>84</F>
      </Row>
      <Row index="397">
        <F>2383</F>
        <F>2382</F>
        <F>61</F>
      </Row>
      <Row index="398">
        <F>2384</F>
        <F>2383</F>
        <F>74</F>
      </Row>
      <Row index="399">
        <F>2385</F>
        <F>2384</F>
        <F>78</F>
      </Row>
      <Row index="400">
        <F>2386</F>
        <F>2385</F>
        <F>68</F>
      </Row>
      <Row index="401">
        <F>2387</F>
        <F>2386</F>
        <F>77</F>
      </Row>
      <Row index="402">
        <F>2388</F>
        <F>2387</F>
        <F>83</F>
      </Row>
      <Row index="403">
        <F>2389</F>
        <F>2388</F>
        <F>77</F>
      </Row>
      <Row index="404">
        <F>2390</F>
        <F>2389</F>
        <F>75</F>
      </Row>
      <Row index="405">
        <F>2391</F>
        <F>2390</F>
        <F>65</F>
      </Row>
      <Row index="406">
        <F>2392</F>
        <F>2391</F>
        <F>73</F>
      </Row>
      <Row index="407">
        <F>2393</F>
        <F>2392</F>
        <F>93</F>
      </Row>
      <Row index="408">
        <F>2394</F>
        <F>2393</F>
        <F>73</F>
      </Row>
      <Row index="409">
        <F>2395</F>
        <F>2394</F>
        <F>66</F>
      </Row>
      <Row index="410">
        <F>2396</F>
        <F>2395</F>
        <F>76</F>
      </Row>
      <Row index="411">
        <F>2397</F>
        <F>2396</F>
        <F>83</F>
      </Row>
      <Row index="412">
        <F>2398</F>
        <F>2397</F>
        <F>74</F>
      </Row>
      <Row index="413">
        <F>2399</F>
        <F>2398</F>
        <F>90</F>
      </Row>
      <Row index="414">
        <F>2400</F>
        <F>2399</F>
        <F>79</F>
      </Row>
      <Row index="415">
        <F>2401</F>
        <F>2400</F>
        <F>81</F>
      </Row>
      <Row index="416">
        <F>2402</F>
        <F>2401</F>
        <F>84</F>
      </Row>
      <Row index="417">
        <F>2403</F>
        <F>2402</F>
        <F>90</F>
      </Row>
      <Row index="418">
        <F>2404</F>
        <F>2403</F>
        <F>91</F>
      </Row>
      <Row index="419">
        <F>2405</F>
        <F>2404</F>
        <F>99</F>
      </Row>
      <Row index="420">
        <F>2406</F>
        <F>2405</F>
        <F>71</F>
      </Row>
      <Row index="421">
        <F>2407</F>
        <F>2406</F>
        <F>76</F>
      </Row>
      <Row index="422">
        <F>2408</F>
        <F>2407</F>
        <F>83</F>
      </Row>
      <Row index="423">
        <F>2409</F>
        <F>2408</F>
        <F>70</F>
      </Row>
      <Row index="424">
        <F>2410</F>
        <F>2409</F>
        <F>78</F>
      </Row>
      <Row index="425">
        <F>2411</F>
        <F>2410</F>
        <F>58</F>
      </Row>
      <Row index="426">
        <F>2412</F>
        <F>2411</F>
        <F>68</F>
      </Row>
      <Row index="427">
        <F>2413</F>
        <F>2412</F>
        <F>74</F>
      </Row>
      <Row index="428">
        <F>2414</F>
        <F>2413</F>
        <F>79</F>
      </Row>
      <Row index="429">
        <F>2415</F>
        <F>2414</F>
        <F>88</F>
      </Row>
      <Row index="430">
        <F>2416</F>
        <F>2415</F>
        <F>80</F>
      </Row>
      <Row index="431">
        <F>2417</F>
        <F>2416</F>
        <F>67</F>
      </Row>
      <Row index="432">
        <F>2418</F>
        <F>2417</F>
        <F>60</F>
      </Row>
      <Row index="433">
        <F>2419</F>
        <F>2418</F>
        <F>48</F>
      </Row>
      <Row index="434">
        <F>2420</F>
        <F>2419</F>
        <F>66</F>
      </Row>
      <Row index="435">
        <F>2421</F>
        <F>2420</F>
        <F>70</F>
      </Row>
      <Row index="436">
        <F>2422</F>
        <F>2421</F>
        <F>65</F>
      </Row>
      <Row index="437">
        <F>2423</F>
        <F>2422</F>
        <F>68</F>
      </Row>
      <Row index="438">
        <F>2424</F>
        <F>2423</F>
        <F>72</F>
      </Row>
      <Row index="439">
        <F>2425</F>
        <F>2424</F>
        <F>80</F>
      </Row>
      <Row index="440">
        <F>2426</F>
        <F>2425</F>
        <F>73</F>
      </Row>
      <Row index="441">
        <F>2427</F>
        <F>2426</F>
        <F>46</F>
      </Row>
      <Row index="442">
        <F>2428</F>
        <F>2427</F>
        <F>66</F>
      </Row>
      <Row index="443">
        <F>2429</F>
        <F>2428</F>
        <F>60</F>
      </Row>
      <Row index="444">
        <F>2430</F>
        <F>2429</F>
        <F>61</F>
      </Row>
      <Row index="445">
        <F>2431</F>
        <F>2430</F>
        <F>71</F>
      </Row>
      <Row index="446">
        <F>2432</F>
        <F>2431</F>
        <F>61</F>
      </Row>
      <Row index="447">
        <F>2433</F>
        <F>2432</F>
        <F>73</F>
      </Row>
      <Row index="448">
        <F>2434</F>
        <F>2433</F>
        <F>68</F>
      </Row>
      <Row index="449">
        <F>2435</F>
        <F>2434</F>
        <F>71</F>
      </Row>
      <Row index="450">
        <F>2436</F>
        <F>2435</F>
        <F>62</F>
      </Row>
      <Row index="451">
        <F>2437</F>
        <F>2436</F>
        <F>64</F>
      </Row>
      <Row index="452">
        <F>2438</F>
        <F>2437</F>
        <F>74</F>
      </Row>
      <Row index="453">
        <F>2439</F>
        <F>2438</F>
        <F>87</F>
      </Row>
      <Row index="454">
        <F>2440</F>
        <F>2439</F>
        <F>63</F>
      </Row>
      <Row index="455">
        <F>2441</F>
        <F>2440</F>
        <F>93</F>
      </Row>
      <Row index="456">
        <F>2442</F>
        <F>2441</F>
        <F>83</F>
      </Row>
      <Row index="457">
        <F>2443</F>
        <F>2442</F>
        <F>78</F>
      </Row>
      <Row index="458">
        <F>2444</F>
        <F>2443</F>
        <F>79</F>
      </Row>
      <Row index="459">
        <F>2445</F>
        <F>2444</F>
        <F>85</F>
      </Row>
      <Row index="460">
        <F>2446</F>
        <F>2445</F>
        <F>60</F>
      </Row>
      <Row index="461">
        <F>2447</F>
        <F>2446</F>
        <F>72</F>
      </Row>
      <Row index="462">
        <F>2448</F>
        <F>2447</F>
        <F>71</F>
      </Row>
      <Row index="463">
        <F>2449</F>
        <F>2448</F>
        <F>88</F>
      </Row>
      <Row index="464">
        <F>2450</F>
        <F>2449</F>
        <F>57</F>
      </Row>
      <Row index="465">
        <F>2451</F>
        <F>2450</F>
        <F>70</F>
      </Row>
      <Row index="466">
        <F>2452</F>
        <F>2451</F>
        <F>66</F>
      </Row>
      <Row index="467">
        <F>2453</F>
        <F>2452</F>
        <F>71</F>
      </Row>
      <Row index="468">
        <F>2454</F>
        <F>2453</F>
        <F>62</F>
      </Row>
      <Row index="469">
        <F>2455</F>
        <F>2454</F>
        <F>59</F>
      </Row>
      <Row index="470">
        <F>2456</F>
        <F>2455</F>
        <F>61</F>
      </Row>
      <Row index="471">
        <F>2457</F>
        <F>2456</F>
        <F>62</F>
      </Row>
      <Row index="472">
        <F>2458</F>
        <F>2457</F>
        <F>51</F>
      </Row>
      <Row index="473">
        <F>2459</F>
        <F>2458</F>
        <F>54</F>
      </Row>
      <Row index="474">
        <F>2460</F>
        <F>2459</F>
        <F>58</F>
      </Row>
      <Row index="475">
        <F>2461</F>
        <F>2460</F>
        <F>59</F>
      </Row>
      <Row index="476">
        <F>2462</F>
        <F>2461</F>
        <F>46</F>
      </Row>
      <Row index="477">
        <F>2463</F>
        <F>2462</F>
        <F>52</F>
      </Row>
      <Row index="478">
        <F>2464</F>
        <F>2463</F>
        <F>50</F>
      </Row>
      <Row index="479">
        <F>2465</F>
        <F>2464</F>
        <F>51</F>
      </Row>
      <Row index="480">
        <F>2466</F>
        <F>2465</F>
        <F>52</F>
      </Row>
      <Row index="481">
        <F>2467</F>
        <F>2466</F>
        <F>66</F>
      </Row>
      <Row index="482">
        <F>2468</F>
        <F>2467</F>
        <F>47</F>
      </Row>
      <Row index="483">
        <F>2469</F>
        <F>2468</F>
        <F>51</F>
      </Row>
      <Row index="484">
        <F>2470</F>
        <F>2469</F>
        <F>42</F>
      </Row>
      <Row index="485">
        <F>2471</F>
        <F>2470</F>
        <F>45</F>
      </Row>
      <Row index="486">
        <F>2472</F>
        <F>2471</F>
        <F>45</F>
      </Row>
      <Row index="487">
        <F>2473</F>
        <F>2472</F>
        <F>39</F>
      </Row>
      <Row index="488">
        <F>2474</F>
        <F>2473</F>
        <F>39</F>
      </Row>
      <Row index="489">
        <F>2475</F>
        <F>2474</F>
        <F>35</F>
      </Row>
      <Row index="490">
        <F>2476</F>
        <F>2475</F>
        <F>49</F>
      </Row>
      <Row index="491">
        <F>2477</F>
        <F>2476</F>
        <F>52</F>
      </Row>
      <Row index="492">
        <F>2478</F>
        <F>2477</F>
        <F>42</F>
      </Row>
      <Row index="493">
        <F>2479</F>
        <F>2478</F>
        <F>42</F>
      </Row>
      <Row index="494">
        <F>2480</F>
        <F>2479</F>
        <F>40</F>
      </Row>
      <Row index="495">
        <F>2481</F>
        <F>2480</F>
        <F>34</F>
      </Row>
      <Row index="496">
        <F>2482</F>
        <F>2481</F>
        <F>34</F>
      </Row>
      <Row index="497">
        <F>2483</F>
        <F>2482</F>
        <F>39</F>
      </Row>
      <Row index="498">
        <F>2484</F>
        <F>2483</F>
        <F>36</F>
      </Row>
      <Row index="499">
        <F>2485</F>
        <F>2484</F>
        <F>41</F>
      </Row>
      <Row index="500">
        <F>2486</F>
        <F>2485</F>
        <F>42</F>
      </Row>
      <Row index="501">
        <F>2487</F>
        <F>2486</F>
        <F>34</F>
      </Row>
      <Row index="502">
        <F>2488</F>
        <F>2487</F>
        <F>38</F>
      </Row>
      <Row index="503">
        <F>2489</F>
        <F>2488</F>
        <F>45</F>
      </Row>
      <Row index="504">
        <F>2490</F>
        <F>2489</F>
        <F>39</F>
      </Row>
      <Row index="505">
        <F>2491</F>
        <F>2490</F>
        <F>33</F>
      </Row>
      <Row index="506">
        <F>2492</F>
        <F>2491</F>
        <F>38</F>
      </Row>
      <Row index="507">
        <F>2493</F>
        <F>2492</F>
        <F>38</F>
      </Row>
      <Row index="508">
        <F>2494</F>
        <F>2493</F>
        <F>36</F>
      </Row>
      <Row index="509">
        <F>2495</F>
        <F>2494</F>
        <F>33</F>
      </Row>
      <Row index="510">
        <F>2496</F>
        <F>2495</F>
        <F>31</F>
      </Row>
      <Row index="511">
        <F>2497</F>
        <F>2496</F>
        <F>32</F>
      </Row>
      <Row index="512">
        <F>2498</F>
        <F>2497</F>
        <F>36</F>
      </Row>
      <Row index="513">
        <F>2499</F>
        <F>2498</F>
        <F>29</F>
      </Row>
      <Row index="514">
        <F>2500</F>
        <F>2499</F>
        <F>33</F>
      </Row>
      <Row index="515">
        <F>2501</F>
        <F>2500</F>
        <F>40</F>
      </Row>
      <Row index="516">
        <F>2502</F>
        <F>2501</F>
        <F>32</F>
      </Row>
      <Row index="517">
        <F>2503</F>
        <F>2502</F>
        <F>40</F>
      </Row>
      <Row index="518">
        <F>2504</F>
        <F>2503</F>
        <F>37</F>
      </Row>
      <Row index="519">
        <F>2505</F>
        <F>2504</F>
        <F>37</F>
      </Row>
      <Row index="520">
        <F>2506</F>
        <F>2505</F>
        <F>37</F>
      </Row>
      <Row index="521">
        <F>2507</F>
        <F>2506</F>
        <F>41</F>
      </Row>
      <Row index="522">
        <F>2508</F>
        <F>2507</F>
        <F>41</F>
      </Row>
      <Row index="523">
        <F>2509</F>
        <F>2508</F>
        <F>40</F>
      </Row>
      <Row index="524">
        <F>2510</F>
        <F>2509</F>
        <F>45</F>
      </Row>
      <Row index="525">
        <F>2511</F>
        <F>2510</F>
        <F>36</F>
      </Row>
      <Row index="526">
        <F>2512</F>
        <F>2511</F>
        <F>41</F>
      </Row>
      <Row index="527">
        <F>2513</F>
        <F>2512</F>
        <F>34</F>
      </Row>
      <Row index="528">
        <F>2514</F>
        <F>2513</F>
        <F>29</F>
      </Row>
      <Row index="529">
        <F>2515</F>
        <F>2514</F>
        <F>49</F>
      </Row>
      <Row index="530">
        <F>2516</F>
        <F>2515</F>
        <F>39</F>
      </Row>
      <Row index="531">
        <F>2517</F>
        <F>2516</F>
        <F>37</F>
      </Row>
      <Row index="532">
        <F>2518</F>
        <F>2517</F>
        <F>39</F>
      </Row>
      <Row index="533">
        <F>2519</F>
        <F>2518</F>
        <F>34</F>
      </Row>
      <Row index="534">
        <F>2520</F>
        <F>2519</F>
        <F>36</F>
      </Row>
      <Row index="535">
        <F>2521</F>
        <F>2520</F>
        <F>35</F>
      </Row>
      <Row index="536">
        <F>2522</F>
        <F>2521</F>
        <F>33</F>
      </Row>
      <Row index="537">
        <F>2523</F>
        <F>2522</F>
        <F>39</F>
      </Row>
      <Row index="538">
        <F>2524</F>
        <F>2523</F>
        <F>39</F>
      </Row>
      <Row index="539">
        <F>2525</F>
        <F>2524</F>
        <F>42</F>
      </Row>
      <Row index="540">
        <F>2526</F>
        <F>2525</F>
        <F>47</F>
      </Row>
      <Row index="541">
        <F>2527</F>
        <F>2526</F>
        <F>26</F>
      </Row>
      <Row index="542">
        <F>2528</F>
        <F>2527</F>
        <F>45</F>
      </Row>
      <Row index="543">
        <F>2529</F>
        <F>2528</F>
        <F>40</F>
      </Row>
      <Row index="544">
        <F>2530</F>
        <F>2529</F>
        <F>49</F>
      </Row>
      <Row index="545">
        <F>2531</F>
        <F>2530</F>
        <F>27</F>
      </Row>
      <Row index="546">
        <F>2532</F>
        <F>2531</F>
        <F>45</F>
      </Row>
      <Row index="547">
        <F>2533</F>
        <F>2532</F>
        <F>41</F>
      </Row>
      <Row index="548">
        <F>2534</F>
        <F>2533</F>
        <F>41</F>
      </Row>
      <Row index="549">
        <F>2535</F>
        <F>2534</F>
        <F>31</F>
      </Row>
      <Row index="550">
        <F>2536</F>
        <F>2535</F>
        <F>38</F>
      </Row>
      <Row index="551">
        <F>2537</F>
        <F>2536</F>
        <F>38</F>
      </Row>
      <Row index="552">
        <F>2538</F>
        <F>2537</F>
        <F>43</F>
      </Row>
      <Row index="553">
        <F>2539</F>
        <F>2538</F>
        <F>35</F>
      </Row>
      <Row index="554">
        <F>2540</F>
        <F>2539</F>
        <F>40</F>
      </Row>
      <Row index="555">
        <F>2541</F>
        <F>2540</F>
        <F>35</F>
      </Row>
      <Row index="556">
        <F>2542</F>
        <F>2541</F>
        <F>33</F>
      </Row>
      <Row index="557">
        <F>2543</F>
        <F>2542</F>
        <F>35</F>
      </Row>
      <Row index="558">
        <F>2544</F>
        <F>2543</F>
        <F>49</F>
      </Row>
      <Row index="559">
        <F>2545</F>
        <F>2544</F>
        <F>43</F>
      </Row>
      <Row index="560">
        <F>2546</F>
        <F>2545</F>
        <F>37</F>
      </Row>
      <Row index="561">
        <F>2547</F>
        <F>2546</F>
        <F>39</F>
      </Row>
      <Row index="562">
        <F>2548</F>
        <F>2547</F>
        <F>37</F>
      </Row>
      <Row index="563">
        <F>2549</F>
        <F>2548</F>
        <F>34</F>
      </Row>
      <Row index="564">
        <F>2550</F>
        <F>2549</F>
        <F>37</F>
      </Row>
      <Row index="565">
        <F>2551</F>
        <F>2550</F>
        <F>40</F>
      </Row>
      <Row index="566">
        <F>2552</F>
        <F>2551</F>
        <F>33</F>
      </Row>
      <Row index="567">
        <F>2553</F>
        <F>2552</F>
        <F>40</F>
      </Row>
      <Row index="568">
        <F>2554</F>
        <F>2553</F>
        <F>59</F>
      </Row>
      <Row index="569">
        <F>2555</F>
        <F>2554</F>
        <F>40</F>
      </Row>
      <Row index="570">
        <F>2556</F>
        <F>2555</F>
        <F>23</F>
      </Row>
      <Row index="571">
        <F>2557</F>
        <F>2556</F>
        <F>37</F>
      </Row>
      <Row index="572">
        <F>2558</F>
        <F>2557</F>
        <F>48</F>
      </Row>
      <Row index="573">
        <F>2559</F>
        <F>2558</F>
        <F>37</F>
      </Row>
      <Row index="574">
        <F>2560</F>
        <F>2559</F>
        <F>36</F>
      </Row>
      <Row index="575">
        <F>2561</F>
        <F>2560</F>
        <F>39</F>
      </Row>
      <Row index="576">
        <F>2562</F>
        <F>2561</F>
        <F>45</F>
      </Row>
      <Row index="577">
        <F>2563</F>
        <F>2562</F>
        <F>47</F>
      </Row>
      <Row index="578">
        <F>2564</F>
        <F>2563</F>
        <F>40</F>
      </Row>
      <Row index="579">
        <F>2565</F>
        <F>2564</F>
        <F>35</F>
      </Row>
      <Row index="580">
        <F>2566</F>
        <F>2565</F>
        <F>38</F>
      </Row>
      <Row index="581">
        <F>2567</F>
        <F>2566</F>
        <F>42</F>
      </Row>
      <Row index="582">
        <F>2568</F>
        <F>2567</F>
        <F>30</F>
      </Row>
      <Row index="583">
        <F>2569</F>
        <F>2568</F>
        <F>32</F>
      </Row>
      <Row index="584">
        <F>2570</F>
        <F>2569</F>
        <F>33</F>
      </Row>
      <Row index="585">
        <F>2571</F>
        <F>2570</F>
        <F>30</F>
      </Row>
      <Row index="586">
        <F>2572</F>
        <F>2571</F>
        <F>35</F>
      </Row>
      <Row index="587">
        <F>2573</F>
        <F>2572</F>
        <F>42</F>
      </Row>
      <Row index="588">
        <F>2574</F>
        <F>2573</F>
        <F>34</F>
      </Row>
      <Row index="589">
        <F>2575</F>
        <F>2574</F>
        <F>35</F>
      </Row>
      <Row index="590">
        <F>2576</F>
        <F>2575</F>
        <F>29</F>
      </Row>
      <Row index="591">
        <F>2577</F>
        <F>2576</F>
        <F>33</F>
      </Row>
      <Row index="592">
        <F>2578</F>
        <F>2577</F>
        <F>41</F>
      </Row>
      <Row index="593">
        <F>2579</F>
        <F>2578</F>
        <F>35</F>
      </Row>
      <Row index="594">
        <F>2580</F>
        <F>2579</F>
        <F>39</F>
      </Row>
      <Row index="595">
        <F>2581</F>
        <F>2580</F>
        <F>34</F>
      </Row>
      <Row index="596">
        <F>2582</F>
        <F>2581</F>
        <F>33</F>
      </Row>
      <Row index="597">
        <F>2583</F>
        <F>2582</F>
        <F>40</F>
      </Row>
      <Row index="598">
        <F>2584</F>
        <F>2583</F>
        <F>36</F>
      </Row>
      <Row index="599">
        <F>2585</F>
        <F>2584</F>
        <F>40</F>
      </Row>
      <Row index="600">
        <F>2586</F>
        <F>2585</F>
        <F>35</F>
      </Row>
      <Row index="601">
        <F>2587</F>
        <F>2586</F>
        <F>39</F>
      </Row>
      <Row index="602">
        <F>2588</F>
        <F>2587</F>
        <F>40</F>
      </Row>
      <Row index="603">
        <F>2589</F>
        <F>2588</F>
        <F>38</F>
      </Row>
      <Row index="604">
        <F>2590</F>
        <F>2589</F>
        <F>33</F>
      </Row>
      <Row index="605">
        <F>2591</F>
        <F>2590</F>
        <F>40</F>
      </Row>
      <Row index="606">
        <F>2592</F>
        <F>2591</F>
        <F>42</F>
      </Row>
      <Row index="607">
        <F>2593</F>
        <F>2592</F>
        <F>41</F>
      </Row>
      <Row index="608">
        <F>2594</F>
        <F>2593</F>
        <F>42</F>
      </Row>
      <Row index="609">
        <F>2595</F>
        <F>2594</F>
        <F>43</F>
      </Row>
      <Row index="610">
        <F>2596</F>
        <F>2595</F>
        <F>36</F>
      </Row>
      <Row index="611">
        <F>2597</F>
        <F>2596</F>
        <F>48</F>
      </Row>
      <Row index="612">
        <F>2598</F>
        <F>2597</F>
        <F>39</F>
      </Row>
      <Row index="613">
        <F>2599</F>
        <F>2598</F>
        <F>42</F>
      </Row>
      <Row index="614">
        <F>2600</F>
        <F>2599</F>
        <F>42</F>
      </Row>
      <Row index="615">
        <F>2601</F>
        <F>2600</F>
        <F>37</F>
      </Row>
      <Row index="616">
        <F>2602</F>
        <F>2601</F>
        <F>36</F>
      </Row>
      <Row index="617">
        <F>2603</F>
        <F>2602</F>
        <F>43</F>
      </Row>
      <Row index="618">
        <F>2604</F>
        <F>2603</F>
        <F>51</F>
      </Row>
      <Row index="619">
        <F>2605</F>
        <F>2604</F>
        <F>47</F>
      </Row>
      <Row index="620">
        <F>2606</F>
        <F>2605</F>
        <F>42</F>
      </Row>
      <Row index="621">
        <F>2607</F>
        <F>2606</F>
        <F>50</F>
      </Row>
      <Row index="622">
        <F>2608</F>
        <F>2607</F>
        <F>43</F>
      </Row>
      <Row index="623">
        <F>2609</F>
        <F>2608</F>
        <F>40</F>
      </Row>
      <Row index="624">
        <F>2610</F>
        <F>2609</F>
        <F>41</F>
      </Row>
      <Row index="625">
        <F>2611</F>
        <F>2610</F>
        <F>48</F>
      </Row>
      <Row index="626">
        <F>2612</F>
        <F>2611</F>
        <F>39</F>
      </Row>
      <Row index="627">
        <F>2613</F>
        <F>2612</F>
        <F>40</F>
      </Row>
      <Row index="628">
        <F>2614</F>
        <F>2613</F>
        <F>36</F>
      </Row>
      <Row index="629">
        <F>2615</F>
        <F>2614</F>
        <F>38</F>
      </Row>
      <Row index="630">
        <F>2616</F>
        <F>2615</F>
        <F>32</F>
      </Row>
      <Row index="631">
        <F>2617</F>
        <F>2616</F>
        <F>39</F>
      </Row>
      <Row index="632">
        <F>2618</F>
        <F>2617</F>
        <F>29</F>
      </Row>
      <Row index="633">
        <F>2619</F>
        <F>2618</F>
        <F>34</F>
      </Row>
      <Row index="634">
        <F>2620</F>
        <F>2619</F>
        <F>40</F>
      </Row>
      <Row index="635">
        <F>2621</F>
        <F>2620</F>
        <F>33</F>
      </Row>
      <Row index="636">
        <F>2622</F>
        <F>2621</F>
        <F>35</F>
      </Row>
      <Row index="637">
        <F>2623</F>
        <F>2622</F>
        <F>39</F>
      </Row>
      <Row index="638">
        <F>2624</F>
        <F>2623</F>
        <F>20</F>
      </Row>
      <Row index="639">
        <F>2625</F>
        <F>2624</F>
        <F>31</F>
      </Row>
      <Row index="640">
        <F>2626</F>
        <F>2625</F>
        <F>50</F>
      </Row>
      <Row index="641">
        <F>2627</F>
        <F>2626</F>
        <F>34</F>
      </Row>
      <Row index="642">
        <F>2628</F>
        <F>2627</F>
        <F>36</F>
      </Row>
      <Row index="643">
        <F>2629</F>
        <F>2628</F>
        <F>33</F>
      </Row>
      <Row index="644">
        <F>2630</F>
        <F>2629</F>
        <F>37</F>
      </Row>
      <Row index="645">
        <F>2631</F>
        <F>2630</F>
        <F>32</F>
      </Row>
      <Row index="646">
        <F>2632</F>
        <F>2631</F>
        <F>33</F>
      </Row>
      <Row index="647">
        <F>2633</F>
        <F>2632</F>
        <F>40</F>
      </Row>
      <Row index="648">
        <F>2634</F>
        <F>2633</F>
        <F>27</F>
      </Row>
      <Row index="649">
        <F>2635</F>
        <F>2634</F>
        <F>34</F>
      </Row>
      <Row index="650">
        <F>2636</F>
        <F>2635</F>
        <F>34</F>
      </Row>
      <Row index="651">
        <F>2637</F>
        <F>2636</F>
        <F>33</F>
      </Row>
      <Row index="652">
        <F>2638</F>
        <F>2637</F>
        <F>38</F>
      </Row>
      <Row index="653">
        <F>2639</F>
        <F>2638</F>
        <F>34</F>
      </Row>
      <Row index="654">
        <F>2640</F>
        <F>2639</F>
        <F>22</F>
      </Row>
      <Row index="655">
        <F>2641</F>
        <F>2640</F>
        <F>30</F>
      </Row>
      <Row index="656">
        <F>2642</F>
        <F>2641</F>
        <F>30</F>
      </Row>
      <Row index="657">
        <F>2643</F>
        <F>2642</F>
        <F>30</F>
      </Row>
      <Row index="658">
        <F>2644</F>
        <F>2643</F>
        <F>40</F>
      </Row>
      <Row index="659">
        <F>2645</F>
        <F>2644</F>
        <F>30</F>
      </Row>
      <Row index="660">
        <F>2646</F>
        <F>2645</F>
        <F>38</F>
      </Row>
      <Row index="661">
        <F>2647</F>
        <F>2646</F>
        <F>39</F>
      </Row>
      <Row index="662">
        <F>2648</F>
        <F>2647</F>
        <F>24</F>
      </Row>
      <Row index="663">
        <F>2649</F>
        <F>2648</F>
        <F>27</F>
      </Row>
      <Row index="664">
        <F>2650</F>
        <F>2649</F>
        <F>26</F>
      </Row>
      <Row index="665">
        <F>2651</F>
        <F>2650</F>
        <F>30</F>
      </Row>
      <Row index="666">
        <F>2652</F>
        <F>2651</F>
        <F>36</F>
      </Row>
      <Row index="667">
        <F>2653</F>
        <F>2652</F>
        <F>35</F>
      </Row>
      <Row index="668">
        <F>2654</F>
        <F>2653</F>
        <F>37</F>
      </Row>
      <Row index="669">
        <F>2655</F>
        <F>2654</F>
        <F>32</F>
      </Row>
      <Row index="670">
        <F>2656</F>
        <F>2655</F>
        <F>19</F>
      </Row>
      <Row index="671">
        <F>2657</F>
        <F>2656</F>
        <F>34</F>
      </Row>
      <Row index="672">
        <F>2658</F>
        <F>2657</F>
        <F>30</F>
      </Row>
      <Row index="673">
        <F>2659</F>
        <F>2658</F>
        <F>17</F>
      </Row>
      <Row index="674">
        <F>2660</F>
        <F>2659</F>
        <F>27</F>
      </Row>
      <Row index="675">
        <F>2661</F>
        <F>2660</F>
        <F>24</F>
      </Row>
      <Row index="676">
        <F>2662</F>
        <F>2661</F>
        <F>29</F>
      </Row>
      <Row index="677">
        <F>2663</F>
        <F>2662</F>
        <F>31</F>
      </Row>
      <Row index="678">
        <F>2664</F>
        <F>2663</F>
        <F>20</F>
      </Row>
      <Row index="679">
        <F>2665</F>
        <F>2664</F>
        <F>16</F>
      </Row>
      <Row index="680">
        <F>2666</F>
        <F>2665</F>
        <F>23</F>
      </Row>
      <Row index="681">
        <F>2667</F>
        <F>2666</F>
        <F>12</F>
      </Row>
      <Row index="682">
        <F>2668</F>
        <F>2667</F>
        <F>18</F>
      </Row>
      <Row index="683">
        <F>2669</F>
        <F>2668</F>
        <F>21</F>
      </Row>
      <Row index="684">
        <F>2670</F>
        <F>2669</F>
        <F>14</F>
      </Row>
      <Row index="685">
        <F>2671</F>
        <F>2670</F>
        <F>12</F>
      </Row>
      <Row index="686">
        <F>2672</F>
        <F>2671</F>
        <F>11</F>
      </Row>
      <Row index="687">
        <F>2673</F>
        <F>2672</F>
        <F>22</F>
      </Row>
      <Row index="688">
        <F>2674</F>
        <F>2673</F>
        <F>24</F>
      </Row>
      <Row index="689">
        <F>2675</F>
        <F>2674</F>
        <F>23</F>
      </Row>
      <Row index="690">
        <F>2676</F>
        <F>2675</F>
        <F>10</F>
      </Row>
      <Row index="691">
        <F>2677</F>
        <F>2676</F>
        <F>14</F>
      </Row>
      <Row index="692">
        <F>2678</F>
        <F>2677</F>
        <F>23</F>
      </Row>
      <Row index="693">
        <F>2679</F>
        <F>2678</F>
        <F>24</F>
      </Row>
      <Row index="694">
        <F>2680</F>
        <F>2679</F>
        <F>13</F>
      </Row>
      <Row index="695">
        <F>2681</F>
        <F>2680</F>
        <F>20</F>
      </Row>
      <Row index="696">
        <F>2682</F>
        <F>2681</F>
        <F>15</F>
      </Row>
      <Row index="697">
        <F>2683</F>
        <F>2682</F>
        <F>14</F>
      </Row>
      <Row index="698">
        <F>2684</F>
        <F>2683</F>
        <F>19</F>
      </Row>
      <Row index="699">
        <F>2685</F>
        <F>2684</F>
        <F>20</F>
      </Row>
      <Row index="700">
        <F>2686</F>
        <F>2685</F>
        <F>17</F>
      </Row>
      <Row index="701">
        <F>2687</F>
        <F>2686</F>
        <F>17</F>
      </Row>
      <Row index="702">
        <F>2688</F>
        <F>2687</F>
        <F>14</F>
      </Row>
      <Row index="703">
        <F>2689</F>
        <F>2688</F>
        <F>22</F>
      </Row>
      <Row index="704">
        <F>2690</F>
        <F>2689</F>
        <F>17</F>
      </Row>
      <Row index="705">
        <F>2691</F>
        <F>2690</F>
        <F>13</F>
      </Row>
      <Row index="706">
        <F>2692</F>
        <F>2691</F>
        <F>14</F>
      </Row>
      <Row index="707">
        <F>2693</F>
        <F>2692</F>
        <F>14</F>
      </Row>
      <Row index="708">
        <F>2694</F>
        <F>2693</F>
        <F>14</F>
      </Row>
      <Row index="709">
        <F>2695</F>
        <F>2694</F>
        <F>18</F>
      </Row>
      <Row index="710">
        <F>2696</F>
        <F>2695</F>
        <F>8</F>
      </Row>
      <Row index="711">
        <F>2697</F>
        <F>2696</F>
        <F>14</F>
      </Row>
      <Row index="712">
        <F>2698</F>
        <F>2697</F>
        <F>9</F>
      </Row>
      <Row index="713">
        <F>2699</F>
        <F>2698</F>
        <F>14</F>
      </Row>
      <Row index="714">
        <F>2700</F>
        <F>2699</F>
        <F>9</F>
      </Row>
      <Row index="715">
        <F>2701</F>
        <F>2700</F>
        <F>18</F>
      </Row>
      <Row index="716">
        <F>2702</F>
        <F>2701</F>
        <F>14</F>
      </Row>
      <Row index="717">
        <F>2703</F>
        <F>2702</F>
        <F>19</F>
      </Row>
      <Row index="718">
        <F>2704</F>
        <F>2703</F>
        <F>6</F>
      </Row>
      <Row index="719">
        <F>2705</F>
        <F>2704</F>
        <F>19</F>
      </Row>
      <Row index="720">
        <F>2706</F>
        <F>2705</F>
        <F>18</F>
      </Row>
      <Row index="721">
        <F>2707</F>
        <F>2706</F>
        <F>12</F>
      </Row>
      <Row index="722">
        <F>2708</F>
        <F>2707</F>
        <F>5</F>
      </Row>
      <Row index="723">
        <F>2709</F>
        <F>2708</F>
        <F>11</F>
      </Row>
      <Row index="724">
        <F>2710</F>
        <F>2709</F>
        <F>10</F>
      </Row>
      <Row index="725">
        <F>2711</F>
        <F>2710</F>
        <F>13</F>
      </Row>
      <Row index="726">
        <F>2712</F>
        <F>2711</F>
        <F>23</F>
      </Row>
      <Row index="727">
        <F>2713</F>
        <F>2712</F>
        <F>14</F>
      </Row>
      <Row index="728">
        <F>2714</F>
        <F>2713</F>
        <F>8</F>
      </Row>
      <Row index="729">
        <F>2715</F>
        <F>2714</F>
        <F>9</F>
      </Row>
      <Row index="730">
        <F>2716</F>
        <F>2715</F>
        <F>6</F>
      </Row>
      <Row index="731">
        <F>2717</F>
        <F>2716</F>
        <F>4</F>
      </Row>
      <Row index="732">
        <F>2718</F>
        <F>2717</F>
        <F>6</F>
      </Row>
      <Row index="733">
        <F>2719</F>
        <F>2718</F>
        <F>12</F>
      </Row>
      <Row index="734">
        <F>2720</F>
        <F>2719</F>
        <F>15</F>
      </Row>
      <Row index="735">
        <F>2721</F>
        <F>2720</F>
        <F>11</F>
      </Row>
      <Row index="736">
        <F>2722</F>
        <F>2721</F>
        <F>5</F>
      </Row>
      <Row index="737">
        <F>2723</F>
        <F>2722</F>
        <F>10</F>
      </Row>
      <Row index="738">
        <F>2724</F>
        <F>2723</F>
        <F>13</F>
      </Row>
      <Row index="739">
        <F>2725</F>
        <F>2724</F>
        <F>14</F>
      </Row>
      <Row index="740">
        <F>2726</F>
        <F>2725</F>
        <F>10</F>
      </Row>
      <Row index="741">
        <F>2727</F>
        <F>2726</F>
        <F>9</F>
      </Row>
      <Row index="742">
        <F>2728</F>
        <F>2727</F>
        <F>9</F>
      </Row>
      <Row index="743">
        <F>2729</F>
        <F>2728</F>
        <F>4</F>
      </Row>
      <Row index="744">
        <F>2730</F>
        <F>2729</F>
        <F>11</F>
      </Row>
      <Row index="745">
        <F>2731</F>
        <F>2730</F>
        <F>12</F>
      </Row>
      <Row index="746">
        <F>2732</F>
        <F>2731</F>
        <F>6</F>
      </Row>
      <Row index="747">
        <F>2733</F>
        <F>2732</F>
        <F>7</F>
      </Row>
      <Row index="748">
        <F>2734</F>
        <F>2733</F>
        <F>16</F>
      </Row>
      <Row index="749">
        <F>2735</F>
        <F>2734</F>
        <F>9</F>
      </Row>
      <Row index="750">
        <F>2736</F>
        <F>2735</F>
        <F>14</F>
      </Row>
      <Row index="751">
        <F>2737</F>
        <F>2736</F>
        <F>9</F>
      </Row>
      <Row index="752">
        <F>2738</F>
        <F>2737</F>
        <F>10</F>
      </Row>
      <Row index="753">
        <F>2739</F>
        <F>2738</F>
        <F>8</F>
      </Row>
      <Row index="754">
        <F>2740</F>
        <F>2739</F>
        <F>9</F>
      </Row>
      <Row index="755">
        <F>2741</F>
        <F>2740</F>
        <F>3</F>
      </Row>
      <Row index="756">
        <F>2742</F>
        <F>2741</F>
        <F>9</F>
      </Row>
      <Row index="757">
        <F>2743</F>
        <F>2742</F>
        <F>13</F>
      </Row>
      <Row index="758">
        <F>2744</F>
        <F>2743</F>
        <F>5</F>
      </Row>
      <Row index="759">
        <F>2745</F>
        <F>2744</F>
        <F>7</F>
      </Row>
      <Row index="760">
        <F>2746</F>
        <F>2745</F>
        <F>3</F>
      </Row>
      <Row index="761">
        <F>2747</F>
        <F>2746</F>
        <F>10</F>
      </Row>
      <Row index="762">
        <F>2748</F>
        <F>2747</F>
        <F>9</F>
      </Row>
      <Row index="763">
        <F>2749</F>
        <F>2748</F>
        <F>6</F>
      </Row>
      <Row index="764">
        <F>2750</F>
        <F>2749</F>
        <F>6</F>
      </Row>
      <Row index="765">
        <F>2751</F>
        <F>2750</F>
        <F>5</F>
      </Row>
      <Row index="766">
        <F>2752</F>
        <F>2751</F>
        <F>9</F>
      </Row>
      <Row index="767">
        <F>2753</F>
        <F>2752</F>
        <F>6</F>
      </Row>
      <Row index="768">
        <F>2754</F>
        <F>2753</F>
        <F>6</F>
      </Row>
      <Row index="769">
        <F>2755</F>
        <F>2754</F>
        <F>7</F>
      </Row>
      <Row index="770">
        <F>2756</F>
        <F>2755</F>
        <F>5</F>
      </Row>
      <Row index="771">
        <F>2757</F>
        <F>2756</F>
        <F>7</F>
      </Row>
      <Row index="772">
        <F>2758</F>
        <F>2757</F>
        <F>11</F>
      </Row>
      <Row index="773">
        <F>2759</F>
        <F>2758</F>
        <F>16</F>
      </Row>
      <Row index="774">
        <F>2760</F>
        <F>2759</F>
        <F>6</F>
      </Row>
      <Row index="775">
        <F>2761</F>
        <F>2760</F>
        <F>4</F>
      </Row>
      <Row index="776">
        <F>2762</F>
        <F>2761</F>
        <F>11</F>
      </Row>
      <Row index="777">
        <F>2763</F>
        <F>2762</F>
        <F>12</F>
      </Row>
      <Row index="778">
        <F>2764</F>
        <F>2763</F>
        <F>10</F>
      </Row>
      <Row index="779">
        <F>2765</F>
        <F>2764</F>
        <F>15</F>
      </Row>
      <Row index="780">
        <F>2766</F>
        <F>2765</F>
        <F>10</F>
      </Row>
      <Row index="781">
        <F>2767</F>
        <F>2766</F>
        <F>6</F>
      </Row>
      <Row index="782">
        <F>2768</F>
        <F>2767</F>
        <F>9</F>
      </Row>
      <Row index="783">
        <F>2769</F>
        <F>2768</F>
        <F>11</F>
      </Row>
      <Row index="784">
        <F>2770</F>
        <F>2769</F>
        <F>11</F>
      </Row>
      <Row index="785">
        <F>2771</F>
        <F>2770</F>
        <F>13</F>
      </Row>
      <Row index="786">
        <F>2772</F>
        <F>2771</F>
        <F>7</F>
      </Row>
      <Row index="787">
        <F>2773</F>
        <F>2772</F>
        <F>6</F>
      </Row>
      <Row index="788">
        <F>2774</F>
        <F>2773</F>
        <F>3</F>
      </Row>
      <Row index="789">
        <F>2775</F>
        <F>2774</F>
        <F>4</F>
      </Row>
      <Row index="790">
        <F>2776</F>
        <F>2775</F>
        <F>9</F>
      </Row>
      <Row index="791">
        <F>2777</F>
        <F>2776</F>
        <F>1</F>
      </Row>
      <Row index="792">
        <F>2778</F>
        <F>2777</F>
        <F>6</F>
      </Row>
      <Row index="793">
        <F>2779</F>
        <F>2778</F>
        <F>3</F>
      </Row>
      <Row index="794">
        <F>2780</F>
        <F>2779</F>
        <F>5</F>
      </Row>
      <Row index="795">
        <F>2781</F>
        <F>2780</F>
        <F>7</F>
      </Row>
      <Row index="796">
        <F>2782</F>
        <F>2781</F>
        <F>3</F>
      </Row>
      <Row index="797">
        <F>2783</F>
        <F>2782</F>
        <F>2</F>
      </Row>
      <Row index="798">
        <F>2784</F>
        <F>2783</F>
        <F>5</F>
      </Row>
      <Row index="799">
        <F>2785</F>
        <F>2784</F>
        <F>9</F>
      </Row>
      <Row index="800">
        <F>2786</F>
        <F>2785</F>
        <F>4</F>
      </Row>
      <Row index="801">
        <F>2787</F>
        <F>2786</F>
        <F>6</F>
      </Row>
      <Row index="802">
        <F>2788</F>
        <F>2787</F>
        <F>4</F>
      </Row>
      <Row index="803">
        <F>2789</F>
        <F>2788</F>
        <F>4</F>
      </Row>
      <Row index="804">
        <F>2790</F>
        <F>2789</F>
        <F>7</F>
      </Row>
      <Row index="805">
        <F>2791</F>
        <F>2790</F>
        <F>6</F>
      </Row>
      <Row index="806">
        <F>2792</F>
        <F>2791</F>
        <F>4</F>
      </Row>
      <Row index="807">
        <F>2793</F>
        <F>2792</F>
        <F>3</F>
      </Row>
      <Row index="808">
        <F>2794</F>
        <F>2793</F>
        <F>9</F>
      </Row>
      <Row index="809">
        <F>2795</F>
        <F>2794</F>
        <F>2</F>
      </Row>
      <Row index="810">
        <F>2796</F>
        <F>2795</F>
        <F>3</F>
      </Row>
      <Row index="811">
        <F>2797</F>
        <F>2796</F>
        <F>5</F>
      </Row>
      <Row index="812">
        <F>2798</F>
        <F>2797</F>
        <F>4</F>
      </Row>
      <Row index="813">
        <F>2799</F>
        <F>2798</F>
        <F>8</F>
      </Row>
      <Row index="814">
        <F>2800</F>
        <F>2799</F>
        <F>4</F>
      </Row>
      <Row index="815">
        <F>2801</F>
        <F>2800</F>
        <F>4</F>
      </Row>
      <Row index="816">
        <F>2802</F>
        <F>2801</F>
        <F>4</F>
      </Row>
      <Row index="817">
        <F>2803</F>
        <F>2802</F>
        <F>4</F>
      </Row>
      <Row index="818">
        <F>2804</F>
        <F>2803</F>
        <F>4</F>
      </Row>
      <Row index="819">
        <F>2805</F>
        <F>2804</F>
        <F>6</F>
      </Row>
      <Row index="820">
        <F>2806</F>
        <F>2805</F>
        <F>7</F>
      </Row>
      <Row index="821">
        <F>2807</F>
        <F>2806</F>
        <F>6</F>
      </Row>
      <Row index="822">
        <F>2808</F>
        <F>2807</F>
        <F>6</F>
      </Row>
      <Row index="823">
        <F>2809</F>
        <F>2808</F>
        <F>1</F>
      </Row>
      <Row index="824">
        <F>2810</F>
        <F>2809</F>
        <F>6</F>
      </Row>
      <Row index="825">
        <F>2811</F>
        <F>2810</F>
        <F>3</F>
      </Row>
      <Row index="826">
        <F>2812</F>
        <F>2811</F>
        <F>5</F>
      </Row>
      <Row index="827">
        <F>2813</F>
        <F>2812</F>
        <F>5</F>
      </Row>
      <Row index="828">
        <F>2814</F>
        <F>2813</F>
        <F>8</F>
      </Row>
      <Row index="829">
        <F>2815</F>
        <F>2814</F>
        <F>4</F>
      </Row>
      <Row index="830">
        <F>2816</F>
        <F>2815</F>
        <F>4</F>
      </Row>
      <Row index="831">
        <F>2817</F>
        <F>2816</F>
        <F>5</F>
      </Row>
      <Row index="832">
        <F>2818</F>
        <F>2817</F>
        <F>1</F>
      </Row>
      <Row index="833">
        <F>2819</F>
        <F>2818</F>
        <F>4</F>
      </Row>
      <Row index="834">
        <F>2820</F>
        <F>2819</F>
        <F>7</F>
      </Row>
      <Row index="835">
        <F>2821</F>
        <F>2820</F>
        <F>9</F>
      </Row>
      <Row index="836">
        <F>2822</F>
        <F>2821</F>
        <F>4</F>
      </Row>
      <Row index="837">
        <F>2823</F>
        <F>2822</F>
        <F>5</F>
      </Row>
      <Row index="838">
        <F>2824</F>
        <F>2823</F>
        <F>3</F>
      </Row>
      <Row index="839">
        <F>2825</F>
        <F>2824</F>
        <F>4</F>
      </Row>
      <Row index="840">
        <F>2826</F>
        <F>2825</F>
        <F>2</F>
      </Row>
      <Row index="841">
        <F>2827</F>
        <F>2826</F>
        <F>4</F>
      </Row>
      <Row index="842">
        <F>2828</F>
        <F>2827</F>
        <F>2</F>
      </Row>
      <Row index="843">
        <F>2829</F>
        <F>2828</F>
        <F>4</F>
      </Row>
      <Row index="844">
        <F>2830</F>
        <F>2829</F>
        <F>4</F>
      </Row>
      <Row index="845">
        <F>2831</F>
        <F>2830</F>
        <F>4</F>
      </Row>
      <Row index="846">
        <F>2832</F>
        <F>2831</F>
        <F>3</F>
      </Row>
      <Row index="847">
        <F>2833</F>
        <F>2832</F>
        <F>6</F>
      </Row>
      <Row index="848">
        <F>2834</F>
        <F>2833</F>
        <F>5</F>
      </Row>
      <Row index="849">
        <F>2835</F>
        <F>2834</F>
        <F>4</F>
      </Row>
      <Row index="850">
        <F>2836</F>
        <F>2835</F>
        <F>3</F>
      </Row>
      <Row index="851">
        <F>2837</F>
        <F>2836</F>
        <F>2</F>
      </Row>
      <Row index="852">
        <F>2838</F>
        <F>2837</F>
        <F>5</F>
      </Row>
      <Row index="853">
        <F>2839</F>
        <F>2838</F>
        <F>4</F>
      </Row>
      <Row index="854">
        <F>2840</F>
        <F>2839</F>
        <F>3</F>
      </Row>
      <Row index="855">
        <F>2841</F>
        <F>2840</F>
        <F>2</F>
      </Row>
      <Row index="856">
        <F>2842</F>
        <F>2841</F>
        <F>5</F>
      </Row>
      <Row index="857">
        <F>2843</F>
        <F>2842</F>
        <F>2</F>
      </Row>
      <Row index="858">
        <F>2844</F>
        <F>2843</F>
        <F>3</F>
      </Row>
      <Row index="859">
        <F>2845</F>
        <F>2844</F>
        <F>5</F>
      </Row>
      <Row index="860">
        <F>2846</F>
        <F>2845</F>
        <F>5</F>
      </Row>
      <Row index="861">
        <F>2847</F>
        <F>2846</F>
        <F>1</F>
      </Row>
      <Row index="862">
        <F>2848</F>
        <F>2847</F>
        <F>4</F>
      </Row>
      <Row index="863">
        <F>2849</F>
        <F>2848</F>
        <F>3</F>
      </Row>
      <Row index="864">
        <F>2850</F>
        <F>2849</F>
        <F>4</F>
      </Row>
      <Row index="865">
        <F>2851</F>
        <F>2850</F>
        <F>4</F>
      </Row>
      <Row index="866">
        <F>2852</F>
        <F>2851</F>
        <F>2</F>
      </Row>
      <Row index="867">
        <F>2853</F>
        <F>2852</F>
        <F>2</F>
      </Row>
      <Row index="868">
        <F>2855</F>
        <F>2854</F>
        <F>1</F>
      </Row>
      <Row index="869">
        <F>2856</F>
        <F>2855</F>
        <F>3</F>
      </Row>
      <Row index="870">
        <F>2857</F>
        <F>2856</F>
        <F>4</F>
      </Row>
      <Row index="871">
        <F>2858</F>
        <F>2857</F>
        <F>1</F>
      </Row>
      <Row index="872">
        <F>2859</F>
        <F>2858</F>
        <F>2</F>
      </Row>
      <Row index="873">
        <F>2860</F>
        <F>2859</F>
        <F>3</F>
      </Row>
      <Row index="874">
        <F>2862</F>
        <F>2861</F>
        <F>1</F>
      </Row>
      <Row index="875">
        <F>2863</F>
        <F>2862</F>
        <F>1</F>
      </Row>
      <Row index="876">
        <F>2864</F>
        <F>2863</F>
        <F>2</F>
      </Row>
      <Row index="877">
        <F>2865</F>
        <F>2864</F>
        <F>3</F>
      </Row>
      <Row index="878">
        <F>2866</F>
        <F>2865</F>
        <F>2</F>
      </Row>
      <Row index="879">
        <F>2868</F>
        <F>2867</F>
        <F>3</F>
      </Row>
      <Row index="880">
        <F>2869</F>
        <F>2868</F>
        <F>3</F>
      </Row>
      <Row index="881">
        <F>2870</F>
        <F>2869</F>
        <F>1</F>
      </Row>
      <Row index="882">
        <F>2871</F>
        <F>2870</F>
        <F>2</F>
      </Row>
      <Row index="883">
        <F>2872</F>
        <F>2871</F>
        <F>1</F>
      </Row>
      <Row index="884">
        <F>2873</F>
        <F>2872</F>
        <F>3</F>
      </Row>
      <Row index="885">
        <F>2874</F>
        <F>2873</F>
        <F>1</F>
      </Row>
      <Row index="886">
        <F>2875</F>
        <F>2874</F>
        <F>2</F>
      </Row>
      <Row index="887">
        <F>2876</F>
        <F>2875</F>
        <F>2</F>
      </Row>
      <Row index="888">
        <F>2877</F>
        <F>2876</F>
        <F>1</F>
      </Row>
      <Row index="889">
        <F>2879</F>
        <F>2878</F>
        <F>3</F>
      </Row>
      <Row index="890">
        <F>2880</F>
        <F>2879</F>
        <F>4</F>
      </Row>
      <Row index="891">
        <F>2881</F>
        <F>2880</F>
        <F>2</F>
      </Row>
      <Row index="892">
        <F>2882</F>
        <F>2881</F>
        <F>1</F>
      </Row>
      <Row index="893">
        <F>2883</F>
        <F>2882</F>
        <F>3</F>
      </Row>
      <Row index="894">
        <F>2885</F>
        <F>2884</F>
        <F>1</F>
      </Row>
    </GDALRasterAttributeTable>
    <Metadata>
      <MDI key="LAYER_TYPE">athematic</MDI>
      <MDI key="STATISTICS_MINIMUM">1985</MDI>
      <MDI key="STATISTICS_MAXIMUM">2884</MDI>
      <MDI key="STATISTICS_MEAN">2240.8263887171</MDI>
      <MDI key="STATISTICS_STDDEV">171.52201098921</MDI>
    </Metadata>
  </PAMRasterBand>
</PAMDataset>
