<PAMDataset>
  <Metadata>
    <MDI key="DataType">Generic</MDI>
  </Metadata>
  <Metadata domain="Esri">
    <MDI key="PyramidResamplingType">NEAREST</MDI>
  </Metadata>
  <PAMRasterBand band="1">
    <Description>Band_1</Description>
    <Metadata>
      <MDI key="BandName">Band_1</MDI>
      <MDI key="RepresentationType">ATHEMATIC</MDI>
      <MDI key="STATISTICS_COVARIANCES">87.77268439639847</MDI>
      <MDI key="STATISTICS_MAXIMUM">1499.1619873047</MDI>
      <MDI key="STATISTICS_MEAN">1439.8695055286</MDI>
      <MDI key="STATISTICS_MINIMUM">1421.5600585938</MDI>
      <MDI key="STATISTICS_SKIPFACTORX">1</MDI>
      <MDI key="STATISTICS_SKIPFACTORY">1</MDI>
      <MDI key="STATISTICS_STDDEV">9.3686490465013</MDI>
      <MDI key="STATISTICS_VALID_PERCENT">97.85</MDI>
    </Metadata>
  </PAMRasterBand>
</PAMDataset>
